,parent,siblings,descendents,parent_descendents,mutations_in_clone,cell_fractions,age first detected,max cell fraction,variant color
stem cells,,[],"['TET2_p.P1079Qfs*3', 'ASXL1_p.G643Rfs*15', 'GNB1_p.K57E', 'NRAS_p.G12D', 'BCORL1_p.G1489D', 'EZH2_p.W624S', 'CBL_p.C416S', 'TET2_p.R1261C', 'CBL_p.M374K']",0,0,"[3.48, 6.1, 14.3, 10.16, 7.92, 3.36, 2.86]",0.0,14.3,#cccccc
TET2_p.P1079Qfs*3,stem cells,[],"['ASXL1_p.G643Rfs*15', 'GNB1_p.K57E', 'NRAS_p.G12D', 'BCORL1_p.G1489D', 'EZH2_p.W624S', 'CBL_p.C416S', 'TET2_p.R1261C', 'CBL_p.M374K']",1,1,"[0.23999999999999488, 2.9000000000000057, 0, 0, 0, 0, 7.299999999999997]",61.13,7.299999999999997,#6ba3d6
ASXL1_p.G643Rfs*15,TET2_p.P1079Qfs*3,[],"['GNB1_p.K57E', 'NRAS_p.G12D', 'BCORL1_p.G1489D', 'EZH2_p.W624S', 'CBL_p.C416S', 'TET2_p.R1261C', 'CBL_p.M374K']",1,2,"[90.94999999999999, 79.8, 68.35000000000001, 50.029999999999994, 30.85, 19.11999999999999, 0]",61.13,90.94999999999999,#41ab5d
NRAS_p.G12D,ASXL1_p.G643Rfs*15,"['GNB1_p.K57E', 'BCORL1_p.G1489D', 'EZH2_p.W624S', 'CBL_p.C416S', 'TET2_p.R1261C']",['CBL_p.M374K'],6,3,"[0.61, 1.73, 3.92, 12.41, 38.49, 62.47, 87.43]",61.13,87.43,#fff7bc
GNB1_p.K57E,ASXL1_p.G643Rfs*15,"['NRAS_p.G12D', 'BCORL1_p.G1489D', 'EZH2_p.W624S', 'CBL_p.C416S', 'TET2_p.R1261C']",[],6,3,"[2.87, 6.23, 12.22, 21.15, 19.38, 6.93, 0.71]",61.13,21.15,#fe9929
BCORL1_p.G1489D,ASXL1_p.G643Rfs*15,"['GNB1_p.K57E', 'NRAS_p.G12D', 'EZH2_p.W624S', 'CBL_p.C416S', 'TET2_p.R1261C']",[],6,3,"[0.54, 0.99, 1.72, 2.6, 2.17, 0.56, 0]",61.13,2.6,#fed976
CBL_p.C416S,ASXL1_p.G643Rfs*15,"['GNB1_p.K57E', 'NRAS_p.G12D', 'BCORL1_p.G1489D', 'EZH2_p.W624S', 'TET2_p.R1261C']",[],6,3,"[0.59, 0.87, 1.27, 1.88, 0.96, 0, 0]",61.13,1.88,#662506
EZH2_p.W624S,ASXL1_p.G643Rfs*15,"['GNB1_p.K57E', 'NRAS_p.G12D', 'BCORL1_p.G1489D', 'CBL_p.C416S', 'TET2_p.R1261C']",[],6,3,"[0.72, 0.88, 1.04, 1.38, 1.32, 0.7, 0.26]",61.13,1.38,#cc4c02
TET2_p.R1261C,ASXL1_p.G643Rfs*15,"['GNB1_p.K57E', 'NRAS_p.G12D', 'BCORL1_p.G1489D', 'EZH2_p.W624S', 'CBL_p.C416S']",[],6,3,"[0, 0.5, 0.78, 0.52, 0.43, 0.21, 0]",62.13,0.78,#993404
CBL_p.M374K,NRAS_p.G12D,[],[],1,4,"[0, 0, 0.96, 1.49, 4.1, 6.67, 2.33]",62.97,6.67,#bc2221
