Gene Name,,AA Mutation,AA residue,counts,variant type
JAK2,,p.H163H,163,53,Substitution_Synonymous
JAK2,,p.C480F,480,1,Substitution_Missense
JAK2,,p.M535I,535,1,Substitution_Missense
JAK2,,p.K607N,607,1,Substitution_Missense
JAK2,,p.V617F,617,197,Substitution_Missense
JAK2,,p.N643N,643,1,Substitution_Synonymous
JAK2,,p.I724T,724,1,Substitution_Missense
JAK2,,p.L830L,830,87,Substitution_Synonymous
JAK2,,p.S862S,862,2,Substitution_Synonymous
JAK2,,p.T875N,875,1,Substitution_Missense
JAK2,,p.N986N,986,1,Substitution_Synonymous
JAK2,,p.R1063H,1063,1,Substitution_Missense
JAK2,,p.I1126I,1126,1,Substitution_Synonymous